video_id,category,License,date_posted,days_since_release,total_views,views_change,includes paid promotion,video_runtime,video_runtime_seconds,avg_audience_viewtime_seconds,total_comments,click_through_rate
AJ152,Advertisement,,30/12/1899,29,25603,492,TRUE,7:38,458,242,2322,17.63
AJ152,Advertisement,,30/12/1899,28,25111,318,TRUE,7:38,458,242,2143,17.63
AJ152,Advertisement,,30/12/1899,27,24793,405,TRUE,7:38,458,242,2226,17.63
AJ152,Advertisement,,30/12/1899,26,24388,450,TRUE,7:38,458,242,2267,17.63
AJ152,Advertisement,,30/12/1899,25,23938,266,TRUE,7:38,458,242,2079,17.63
AJ152,Advertisement,,30/12/1899,24,23672,249,TRUE,7:38,458,242,2059,17.63
AJ152,Advertisement,,30/12/1899,23,23423,23423,TRUE,7:38,458,242,25231,17.63
AK102,Advertisement,,30/12/1899,19,28266,374,TRUE,6:29,389,213,2042,16.34
AK102,Advertisement,,30/12/1899,18,27892,285,TRUE,6:29,389,213,1949,16.34
AK102,Advertisement,,30/12/1899,17,27607,294,TRUE,6:29,389,213,1955,16.34
AK102,Advertisement,,30/12/1899,16,27313,301,TRUE,6:29,389,213,1959,16.34
AK102,Advertisement,,30/12/1899,15,27012,366,TRUE,6:29,389,213,2021,16.34
AK102,Advertisement,,30/12/1899,14,26646,352,TRUE,6:29,389,213,2003,16.34
AK102,Advertisement,,30/12/1899,13,26294,26294,TRUE,6:29,389,213,27942,16.34
BB297,Reaction,,30/12/1899,33,2801937,51473,,10:38,638,558,83120,
BB297,Reaction,,30/12/1899,32,2750464,37270,,10:38,638,558,68402,
BB297,Reaction,,30/12/1899,31,2713194,39883,,10:38,638,558,70642,
BB297,Reaction,,30/12/1899,30,2673311,475411,,10:38,638,558,505772,
BB297,Reaction,,30/12/1899,30,2673311,475411,,10:38,638,558,505772,
BB297,Reaction,,30/12/1899,29,2197900,435204,,10:38,638,558,460810,
BB297,Reaction,,30/12/1899,28,1762696,335529,,10:38,638,558,356783,
BB297,Reaction,,30/12/1899,27,1427167,1427167,,10:38,638,558,1445066,
BB342,Reaction,,30/12/1899,16,2844732,43699,,8:48,528,433,74961,
BB342,Reaction,,30/12/1899,15,2801033,51437,,8:48,528,433,82262,
BB342,Reaction,,30/12/1899,14,2749596,31473,,8:48,528,433,61784,
BB342,Reaction,,30/12/1899,13,2718123,513978,,8:48,528,433,543974,
BB342,Reaction,,30/12/1899,12,2204145,425091,,8:48,528,433,449947,
BB342,Reaction,,30/12/1899,11,1779054,335335,,8:48,528,433,355941,
BB342,Reaction,,30/12/1899,10,1443719,1443719,,8:48,528,433,1460971,
BV474,Reaction,,30/12/1899,21,3808133,51182,,10:39,639,613,93248,
BV474,Reaction,,30/12/1899,21,3808133,51182,,10:39,639,613,93248,
BV474,Reaction,,30/12/1899,20,3756951,44647,,10:39,639,613,86202,
BV474,Reaction,,30/12/1899,19,3712304,69771,,10:39,639,613,110879,
BV474,Reaction,,30/12/1899,18,3642533,668030,,10:39,639,613,708440,
BV474,Reaction,,30/12/1899,17,2974503,591805,,10:39,639,613,625535,
BV474,Reaction,,30/12/1899,16,2382698,423155,,10:39,639,613,450967,
BV474,Reaction,,30/12/1899,15,1959543,1959543,,10:39,639,613,1983123,
CT573,Reaction,,30/12/1899,19,2689623,41535,,9:51,591,590,72267,
CT573,Reaction,,30/12/1899,18,2648088,39307,,9:51,591,590,69623,
CT573,Reaction,,30/12/1899,17,2608781,45953,,9:51,591,590,75876,
CT573,Reaction,,30/12/1899,16,2562828,480188,,9:51,591,590,509652,
CT573,Reaction,,30/12/1899,16,2562828,480188,,9:51,591,590,509652,
CT573,Reaction,,30/12/1899,15,2082640,351303,,9:51,591,590,375965,
CT573,Reaction,,30/12/1899,14,1731337,291558,,9:51,591,590,312707,
CT573,Reaction,,30/12/1899,13,1439779,1439779,,9:51,591,590,1458012,
EF797,Reaction,,30/12/1899,10,4496502,56662,,8:16,496,363,103987,
EF797,Reaction,,30/12/1899,9,4439840,53966,,8:16,496,363,100724,
EF797,Reaction,,30/12/1899,8,4385874,71133,,8:16,496,363,117352,
EF797,Reaction,,30/12/1899,7,4314741,852017,,8:16,496,363,897524,
EF797,Reaction,,30/12/1899,6,3462724,687247,,8:16,496,363,724234,
EF797,Reaction,,30/12/1899,5,2775477,544888,,8:16,496,363,575003,
EF797,Reaction,,30/12/1899,4,2230589,2230589,,8:16,496,363,2255255,
EN250,Challenge,,30/12/1899,26,4632982,75907,,10:37,637,599,126131,
EN250,Challenge,,30/12/1899,25,4557075,50358,,10:37,637,599,99823,
EN250,Challenge,,30/12/1899,24,4506717,86690,,10:37,637,599,135651,
EN250,Challenge,,30/12/1899,23,4420027,977435,,10:37,637,599,1025529,
EN250,Challenge,,30/12/1899,22,3442592,757780,,10:37,637,599,796100,
EN250,Challenge,,30/12/1899,22,3442592,757780,,10:37,637,599,796100,
EN250,Challenge,,30/12/1899,21,2684812,591636,,10:37,637,599,622378,
EN250,Challenge,,30/12/1899,20,2093176,2093176,,10:37,637,599,2118002,
FL186,Reaction,,30/12/1899,30,4179139,50396,,10:58,658,532,95646,
FL186,Reaction,,30/12/1899,29,4128743,74038,,10:58,658,532,118784,
FL186,Reaction,,30/12/1899,28,4054705,44283,,10:58,658,532,88289,
FL186,Reaction,,30/12/1899,27,4010422,773705,,10:58,658,532,817268,
FL186,Reaction,,30/12/1899,26,3236717,585671,,10:58,658,532,621497,
FL186,Reaction,,30/12/1899,25,2651046,448404,,10:58,658,532,478373,
FL186,Reaction,,30/12/1899,24,2202642,2202642,,10:58,658,532,2228127,
FQ798,Advertisement,,30/12/1899,19,25698,336,TRUE,5:21,321,82,1126,20.09
FQ798,Advertisement,,30/12/1899,18,25362,367,TRUE,5:21,321,82,1154,20.09
FQ798,Advertisement,,30/12/1899,17,24995,291,TRUE,5:21,321,82,1074,20.09
FQ798,Advertisement,,30/12/1899,16,24704,468,TRUE,5:21,321,82,1249,20.09
FQ798,Advertisement,,30/12/1899,15,24236,464,TRUE,5:21,321,82,1240,20.09
FQ798,Advertisement,,30/12/1899,14,23772,269,TRUE,5:21,321,82,1040,20.09
FQ798,Advertisement,,30/12/1899,13,23503,23503,TRUE,5:21,321,82,24272,20.09
FV643,Reaction,,30/12/1899,20,3944201,59072,,9:27,567,484,101661,
FV643,Reaction,,30/12/1899,19,3885129,66224,,9:27,567,484,108222,
FV643,Reaction,,30/12/1899,18,3818905,63866,,9:27,567,484,105202,
FV643,Reaction,,30/12/1899,18,3818905,63866,,9:27,567,484,105202,
FV643,Reaction,,30/12/1899,17,3755039,740805,,9:27,567,484,781502,
FV643,Reaction,,30/12/1899,16,3014234,555748,,9:27,567,484,589037,
FV643,Reaction,,30/12/1899,15,2458486,432783,,9:27,567,484,460514,
FV643,Reaction,,30/12/1899,14,2025703,2025703,,9:27,567,484,2049107,
GR303,Reaction,,30/12/1899,9,2673275,29591,,10:29,629,525,59737,
GR303,Reaction,,30/12/1899,8,2643684,43536,,10:29,629,525,73386,
GR303,Reaction,,30/12/1899,7,2600148,46847,,10:29,629,525,76261,
GR303,Reaction,,30/12/1899,6,2553301,489018,,10:29,629,525,517964,
GR303,Reaction,,30/12/1899,5,2064283,346717,,10:29,629,525,370773,
GR303,Reaction,,30/12/1899,4,1717566,296876,,10:29,629,525,317465,
GR303,Reaction,,30/12/1899,4,1717566,296876,,10:29,629,525,317465,
GR303,Reaction,,30/12/1899,3,1420690,1420690,,10:29,629,525,1438310,
GZ894,Advertisement,,30/12/1899,36,28546,517,TRUE,8:30,510,288,2675,11.51
GZ894,Advertisement,,30/12/1899,35,28029,309,TRUE,8:30,510,288,2462,11.51
GZ894,Advertisement,,30/12/1899,35,28029,309,TRUE,8:30,510,288,2462,11.51
GZ894,Advertisement,,30/12/1899,34,27720,347,TRUE,8:30,510,288,2497,11.51
GZ894,Advertisement,,30/12/1899,33,27373,497,TRUE,8:30,510,288,2643,11.51
GZ894,Advertisement,,30/12/1899,32,26876,479,TRUE,8:30,510,288,2620,11.51
GZ894,Advertisement,,30/12/1899,31,26397,346,TRUE,8:30,510,288,2482,11.51
GZ894,Advertisement,,30/12/1899,31,26397,346,TRUE,8:30,510,288,2482,11.51
GZ894,Advertisement,,30/12/1899,30,26051,26051,TRUE,8:30,510,288,28184,11.51
HM212,Advertisement,,30/12/1899,22,27237,390,TRUE,6:45,405,307,2658,17.81
HM212,Advertisement,,30/12/1899,21,26847,522,TRUE,6:45,405,307,2786,17.81
HM212,Advertisement,,30/12/1899,20,26325,451,TRUE,6:45,405,307,2710,17.81
HM212,Advertisement,,30/12/1899,19,25874,276,TRUE,6:45,405,307,2531,17.81
HM212,Advertisement,,30/12/1899,18,25598,345,TRUE,6:45,405,307,2597,17.81
HM212,Advertisement,,30/12/1899,17,25253,393,TRUE,6:45,405,307,2642,17.81
HM212,Advertisement,,30/12/1899,16,24860,24860,TRUE,6:45,405,307,27105,17.81
HV246,Challenge,,30/12/1899,25,5099714,64946,,11:43,703,693,120448,
HV246,Challenge,,30/12/1899,24,5034768,63848,,11:43,703,693,118701,
HV246,Challenge,,30/12/1899,23,4970920,93667,,11:43,703,693,147881,
HV246,Challenge,,30/12/1899,22,4877253,1054700,,11:43,703,693,1107978,
HV246,Challenge,,30/12/1899,21,3822553,876228,,11:43,703,693,918959,
HV246,Challenge,,30/12/1899,20,2946325,590523,,11:43,703,693,624491,
HV246,Challenge,,30/12/1899,19,2355802,2355802,,11:43,703,693,2383865,
JA888,Reaction,,30/12/1899,6,2510174,26241,,10:50,650,647,55549,
JA888,Reaction,,30/12/1899,5,2483933,30059,,10:50,650,647,59104,
JA888,Reaction,,30/12/1899,4,2453874,34527,,10:50,650,647,63272,
JA888,Reaction,,30/12/1899,3,2419347,404478,,10:50,650,647,432877,
JA888,Reaction,,30/12/1899,2,2014869,336124,,10:50,650,647,360479,
JA888,Reaction,,30/12/1899,1,1678745,315516,,10:50,650,647,336509,
JA888,Reaction,,30/12/1899,0,1363229,1363229,,10:50,650,647,1381067,
JX196,Reaction,,30/12/1899,8,3949376,47273,,9:58,598,523,90167,
JX196,Reaction,,30/12/1899,7,3902103,38997,,9:58,598,523,81418,
JX196,Reaction,,30/12/1899,6,3863106,64079,,9:58,598,523,106110,
JX196,Reaction,,30/12/1899,5,3799027,687139,,9:58,598,523,728529,
JX196,Reaction,,30/12/1899,4,3111888,577917,,9:58,598,523,612436,
JX196,Reaction,,30/12/1899,3,2533971,469939,,9:58,598,523,498679,
JX196,Reaction,,30/12/1899,2,2064032,2064032,,9:58,598,523,2088072,
LA865,Challenge,,30/12/1899,18,4246474,68816,TRUE,11:20,680,668,115623,4.65
LA865,Challenge,,30/12/1899,17,4177658,49315,TRUE,11:20,680,668,95434,4.65
LA865,Challenge,,30/12/1899,16,4128343,72082,TRUE,11:20,680,668,117708,4.65
LA865,Challenge,,30/12/1899,15,4056261,881631,TRUE,11:20,680,668,926536,4.65
LA865,Challenge,,30/12/1899,14,3174630,702792,TRUE,11:20,680,668,738881,4.65
LA865,Challenge,,30/12/1899,13,2471838,560261,TRUE,11:20,680,668,589322,4.65
LA865,Challenge,,30/12/1899,12,1911577,1911577,TRUE,11:20,680,668,1935035,4.65
LA865,Challenge,,30/12/1899,12,1911577,1911577,TRUE,11:20,680,668,1935035,4.65
LB325,Reaction,,30/12/1899,23,3230577,37463,,9:30,570,410,72434,
LB325,Reaction,,30/12/1899,22,3193114,62309,,9:30,570,410,96906,
LB325,Reaction,,30/12/1899,21,3130805,47760,,9:30,570,410,81734,
LB325,Reaction,,30/12/1899,20,3083045,517640,,9:30,570,410,551136,
LB325,Reaction,,30/12/1899,19,2565405,507819,,9:30,570,410,536139,
LB325,Reaction,,30/12/1899,18,2057586,369689,,9:30,570,410,392930,
LB325,Reaction,,30/12/1899,17,1687897,1687897,,9:30,570,410,1707441,
LL832,Reaction,,30/12/1899,18,4372733,48598,,9:53,593,450,95251,
LL832,Reaction,,30/12/1899,17,4324135,57023,,9:53,593,450,103190,
LL832,Reaction,,30/12/1899,16,4267112,44140,,9:53,593,450,89737,
LL832,Reaction,,30/12/1899,15,4222972,834848,,9:53,593,450,880003,
LL832,Reaction,,30/12/1899,14,3388124,593857,,9:53,593,450,630664,
LL832,Reaction,,30/12/1899,13,2794267,498392,,9:53,593,450,529260,
LL832,Reaction,,30/12/1899,12,2295875,2295875,,9:53,593,450,2321759,
MM264,Challenge,,30/12/1899,23,4604069,68835,,8:34,514,456,117840,
MM264,Challenge,,30/12/1899,22,4535234,63878,,8:34,514,456,112195,
MM264,Challenge,,30/12/1899,21,4471356,62094,,8:34,514,456,109772,
MM264,Challenge,,30/12/1899,20,4409262,891530,,8:34,514,456,938587,
MM264,Challenge,,30/12/1899,19,3517732,718778,,8:34,514,456,756920,
MM264,Challenge,,30/12/1899,18,2798954,605358,,8:34,514,456,636312,
MM264,Challenge,,30/12/1899,18,2798954,605358,,8:34,514,456,636312,
MM264,Challenge,,30/12/1899,17,2193596,2193596,,8:34,514,456,2218496,
MN827,Reaction,,30/12/1899,7,3412878,43764,,10:24,624,618,81910,
MN827,Reaction,,30/12/1899,6,3369114,42127,,10:24,624,618,79836,
MN827,Reaction,,30/12/1899,5,3326987,49808,,10:24,624,618,87095,
MN827,Reaction,,30/12/1899,4,3277179,610381,,10:24,624,618,647170,
MN827,Reaction,,30/12/1899,3,2666798,485414,,10:24,624,618,516099,
MN827,Reaction,,30/12/1899,2,2181384,417040,,10:24,624,618,442871,
MN827,Reaction,,30/12/1899,1,1764344,1764344,,10:24,624,618,1786005,
MO720,Vlog,,30/12/1899,27,743082,8738,TRUE,11:54,714,482,19302,5.95
MO720,Vlog,,30/12/1899,27,743082,8738,TRUE,11:54,714,482,19302,5.95
MO720,Vlog,,30/12/1899,26,734344,10017,TRUE,11:54,714,482,20494,5.95
MO720,Vlog,,30/12/1899,26,734344,10017,TRUE,11:54,714,482,20494,5.95
MO720,Vlog,,30/12/1899,25,724327,8976,TRUE,11:54,714,482,19353,5.95
MO720,Vlog,,30/12/1899,24,715351,40841,TRUE,11:54,714,482,51128,5.95
MO720,Vlog,,30/12/1899,24,715351,40841,TRUE,11:54,714,482,51128,5.95
MO720,Vlog,,30/12/1899,23,674510,41275,TRUE,11:54,714,482,51154,5.95
MO720,Vlog,,30/12/1899,22,633235,38809,TRUE,11:54,714,482,48275,5.95
MO720,Vlog,,30/12/1899,21,594426,594426,TRUE,11:54,714,482,603504,5.95
MV637,Reaction,,30/12/1899,7,2533161,34312,,8:24,504,398,62231,
MV637,Reaction,,30/12/1899,6,2498849,45586,,8:24,504,398,73162,
MV637,Reaction,,30/12/1899,5,2453263,38793,,8:24,504,398,65913,
MV637,Reaction,,30/12/1899,4,2414470,407020,,8:24,504,398,433752,
MV637,Reaction,,30/12/1899,4,2414470,407020,,8:24,504,398,433752,
MV637,Reaction,,30/12/1899,3,2007450,395061,,8:24,504,398,417723,
MV637,Reaction,,30/12/1899,2,1612389,271167,,8:24,504,398,289878,
MV637,Reaction,,30/12/1899,1,1341222,1341222,,8:24,504,398,1357222,
MZ786,Advertisement,,30/12/1899,16,24888,411,TRUE,4:45,285,197,1941,17.79
MZ786,Advertisement,,30/12/1899,15,24477,453,TRUE,4:45,285,197,1979,17.79
MZ786,Advertisement,,30/12/1899,14,24024,448,TRUE,4:45,285,197,1969,17.79
MZ786,Advertisement,,30/12/1899,13,23576,394,TRUE,4:45,285,197,1911,17.79
MZ786,Advertisement,,30/12/1899,12,23182,268,TRUE,4:45,285,197,1781,17.79
MZ786,Advertisement,,30/12/1899,12,23182,268,TRUE,4:45,285,197,1781,17.79
MZ786,Advertisement,,30/12/1899,11,22914,339,TRUE,4:45,285,197,1849,17.79
MZ786,Advertisement,,30/12/1899,10,22575,22575,TRUE,4:45,285,197,24082,17.79
NJ501,Reaction,,30/12/1899,16,4306979,49065,,10:57,657,491,95327,
NJ501,Reaction,,30/12/1899,16,4306979,49065,,10:57,657,491,95327,
NJ501,Reaction,,30/12/1899,15,4257914,58884,,10:57,657,491,104655,
NJ501,Reaction,,30/12/1899,14,4199030,48928,,10:57,657,491,94110,
NJ501,Reaction,,30/12/1899,13,4150102,801533,,10:57,657,491,846226,
NJ501,Reaction,,30/12/1899,12,3348569,629691,,10:57,657,491,666369,
NJ501,Reaction,,30/12/1899,11,2718878,480011,,10:57,657,491,510392,
NJ501,Reaction,,30/12/1899,10,2238867,2238867,,10:57,657,491,2264448,
NJ501,Reaction,,30/12/1899,10,2238867,2238867,,10:57,657,491,2264448,
NS136,Reaction,,30/12/1899,26,3605825,52420,,11:34,694,591,92320,
NS136,Reaction,,30/12/1899,25,3553405,42523,,11:34,694,591,81899,
NS136,Reaction,,30/12/1899,25,3553405,42523,,11:34,694,591,81899,
NS136,Reaction,,30/12/1899,24,3510882,44843,,11:34,694,591,83794,
NS136,Reaction,,30/12/1899,24,3510882,44843,,11:34,694,591,83794,
NS136,Reaction,,30/12/1899,23,3466039,689072,,11:34,694,591,727574,
NS136,Reaction,,30/12/1899,22,2776967,511316,,11:34,694,591,542928,
NS136,Reaction,,30/12/1899,22,2776967,511316,,11:34,694,591,542928,
NS136,Reaction,,30/12/1899,21,2265651,434247,,11:34,694,591,460746,
NS136,Reaction,,30/12/1899,21,2265651,434247,,11:34,694,591,460746,
NS136,Reaction,,30/12/1899,20,1831404,1831404,,11:34,694,591,1853560,
NS826,Challenge,,30/12/1899,18,4765284,83172,TRUE,11:13,673,653,135070,7.65
NS826,Challenge,,30/12/1899,17,4682112,86140,TRUE,11:13,673,653,137206,7.65
NS826,Challenge,,30/12/1899,17,4682112,86140,TRUE,11:13,673,653,137206,7.65
NS826,Challenge,,30/12/1899,16,4595972,75116,TRUE,11:13,673,653,125321,7.65
NS826,Challenge,,30/12/1899,16,4595972,75116,TRUE,11:13,673,653,125321,7.65
NS826,Challenge,,30/12/1899,15,4520856,965841,TRUE,11:13,673,653,1015295,7.65
NS826,Challenge,,30/12/1899,14,3555015,722938,TRUE,11:13,673,653,762733,7.65
NS826,Challenge,,30/12/1899,13,2832077,626956,TRUE,11:13,673,653,659522,7.65
NS826,Challenge,,30/12/1899,12,2205121,2205121,TRUE,11:13,673,653,2231417,7.65
OD453,Vlog,,30/12/1899,20,1015352,16216,,10:11,611,464,29386,
OD453,Vlog,,30/12/1899,19,999136,16849,,10:11,611,464,29857,
OD453,Vlog,,30/12/1899,18,982287,9946,,10:11,611,464,22785,
OD453,Vlog,,30/12/1899,17,972341,62223,,10:11,611,464,74963,
OD453,Vlog,,30/12/1899,16,910118,53445,,10:11,611,464,65563,
OD453,Vlog,,30/12/1899,15,856673,43032,,10:11,611,464,54615,
OD453,Vlog,,30/12/1899,14,813641,813641,,10:11,611,464,824794,
ON360,Challenge,,30/12/1899,25,4775144,80731,,9:57,597,591,132324,
ON360,Challenge,,30/12/1899,24,4694413,89901,,9:57,597,591,140687,
ON360,Challenge,,30/12/1899,23,4604512,88531,,9:57,597,591,138418,
ON360,Challenge,,30/12/1899,22,4515981,983147,,9:57,597,591,1032149,
ON360,Challenge,,30/12/1899,21,3532834,770224,,9:57,597,591,809394,
ON360,Challenge,,30/12/1899,20,2762610,555145,,9:57,597,591,586613,
ON360,Challenge,,30/12/1899,19,2207465,2207465,,9:57,597,591,2233382,
PC922,Reaction,,30/12/1899,27,2548806,29190,,10:34,634,481,57805,
PC922,Reaction,,30/12/1899,26,2519616,33298,,10:34,634,481,61621,
PC922,Reaction,,30/12/1899,25,2486318,38099,,10:34,634,481,66089,
PC922,Reaction,,30/12/1899,24,2448219,422484,,10:34,634,481,450093,
PC922,Reaction,,30/12/1899,23,2025735,352085,,10:34,634,481,375469,
PC922,Reaction,,30/12/1899,22,1673650,327558,,10:34,634,481,347421,
PC922,Reaction,,30/12/1899,21,1346092,1346092,,10:34,634,481,1362680,
PG174,Reaction,,30/12/1899,18,3151719,47411,,9:37,577,454,81880,
PG174,Reaction,,30/12/1899,17,3104308,52894,,9:37,577,454,86889,
PG174,Reaction,,30/12/1899,16,3051414,50498,,9:37,577,454,83964,
PG174,Reaction,,30/12/1899,15,3000916,564764,,9:37,577,454,597725,
PG174,Reaction,,30/12/1899,14,2436152,463475,,9:37,577,454,490788,
PG174,Reaction,,30/12/1899,14,2436152,463475,,9:37,577,454,490788,
PG174,Reaction,,30/12/1899,13,1972677,342573,,9:37,577,454,365251,
PG174,Reaction,,30/12/1899,12,1630104,1630104,,9:37,577,454,1649357,
PZ561,Reaction,,30/12/1899,8,4153806,42835,,8:57,537,435,87201,
PZ561,Reaction,,30/12/1899,7,4110971,59508,,8:57,537,435,103446,
PZ561,Reaction,,30/12/1899,7,4110971,59508,,8:57,537,435,103446,
PZ561,Reaction,,30/12/1899,6,4051463,60650,,8:57,537,435,103993,
PZ561,Reaction,,30/12/1899,5,3990813,714106,,8:57,537,435,756842,
PZ561,Reaction,,30/12/1899,4,3276707,639584,,8:57,537,435,675179,
PZ561,Reaction,,30/12/1899,4,3276707,639584,,8:57,537,435,675179,
PZ561,Reaction,,30/12/1899,3,2637123,480477,,8:57,537,435,509676,
PZ561,Reaction,,30/12/1899,2,2156646,2156646,,8:57,537,435,2181040,
QC363,Reaction,,30/12/1899,12,3936311,53952,,8:41,521,345,95558,
QC363,Reaction,,30/12/1899,11,3882359,43078,,8:41,521,345,84145,
QC363,Reaction,,30/12/1899,10,3839281,57642,,8:41,521,345,98278,
QC363,Reaction,,30/12/1899,9,3781639,673393,,8:41,521,345,713452,
QC363,Reaction,,30/12/1899,8,3108246,612499,,8:41,521,345,645824,
QC363,Reaction,,30/12/1899,7,2495747,434071,,8:41,521,345,461271,
QC363,Reaction,,30/12/1899,6,2061676,2061676,,8:41,521,345,2084536,
QX749,Reaction,,30/12/1899,34,2719189,29534,,10:57,657,513,60061,
QX749,Reaction,,30/12/1899,33,2689655,27743,,10:57,657,513,57975,
QX749,Reaction,,30/12/1899,32,2661912,46043,,10:57,657,513,75997,
QX749,Reaction,,30/12/1899,31,2615869,458164,,10:57,657,513,487658,
QX749,Reaction,,30/12/1899,30,2157705,390910,,10:57,657,513,415822,
QX749,Reaction,,30/12/1899,29,1766795,299563,,10:57,657,513,320566,
QX749,Reaction,,30/12/1899,29,1766795,299563,,10:57,657,513,320566,
QX749,Reaction,,30/12/1899,28,1467232,1467232,,10:57,657,513,1485239,
QY313,Challenge,,30/12/1899,32,4968885,75620,,10:38,638,579,129073,
QY313,Challenge,,30/12/1899,31,4893265,89966,,10:38,638,579,142663,
QY313,Challenge,,30/12/1899,30,4803299,51790,,10:38,638,579,103587,
QY313,Challenge,,30/12/1899,29,4751509,1089168,,10:38,638,579,1140447,
QY313,Challenge,,30/12/1899,29,4751509,1089168,,10:38,638,579,1140447,
QY313,Challenge,,30/12/1899,28,3662341,842887,,10:38,638,579,883274,
QY313,Challenge,,30/12/1899,27,2819454,622504,,10:38,638,579,654463,
QY313,Challenge,,30/12/1899,26,2196950,2196950,,10:38,638,579,2222683,
SP586,Challenge,,30/12/1899,26,4170183,46836,,11:45,705,669,92887,
SP586,Challenge,,30/12/1899,25,4123347,72532,,11:45,705,669,118114,
SP586,Challenge,,30/12/1899,25,4123347,72532,,11:45,705,669,118114,
SP586,Challenge,,30/12/1899,24,4050815,74420,,11:45,705,669,119277,
SP586,Challenge,,30/12/1899,23,3976395,836599,,11:45,705,669,880712,
SP586,Challenge,,30/12/1899,22,3139796,658753,,11:45,705,669,694500,
SP586,Challenge,,30/12/1899,21,2481043,506277,,11:45,705,669,535436,
SP586,Challenge,,30/12/1899,20,1974766,1974766,,11:45,705,669,1998863,
SQ603,Reaction,,30/12/1899,34,3308687,45275,,10:28,628,590,82197,
SQ603,Reaction,,30/12/1899,34,3308687,45275,,10:28,628,590,82197,
SQ603,Reaction,,30/12/1899,33,3263412,57016,,10:28,628,590,93486,
SQ603,Reaction,,30/12/1899,32,3206396,33721,,10:28,628,590,69620,
SQ603,Reaction,,30/12/1899,31,3172675,618155,,10:28,628,590,653717,
SQ603,Reaction,,30/12/1899,30,2554520,487018,,10:28,628,590,516399,
SQ603,Reaction,,30/12/1899,29,2067502,404015,,10:28,628,590,428526,
SQ603,Reaction,,30/12/1899,28,1663487,1663487,,10:28,628,590,1683957,
UM147,Reaction,,30/12/1899,21,3708881,53151,,8:54,534,493,93445,
UM147,Reaction,,30/12/1899,20,3655730,42647,,8:54,534,493,82409,
UM147,Reaction,,30/12/1899,19,3613083,53798,,8:54,534,493,93134,
UM147,Reaction,,30/12/1899,18,3559285,624176,,8:54,534,493,662974,
UM147,Reaction,,30/12/1899,17,2935109,584477,,8:54,534,493,617033,
UM147,Reaction,,30/12/1899,16,2350632,440897,,8:54,534,493,467608,
UM147,Reaction,,30/12/1899,16,2350632,440897,,8:54,534,493,467608,
UM147,Reaction,,30/12/1899,15,1909735,1909735,,8:54,534,493,1932037,
UZ763,Advertisement,,30/12/1899,8,29486,497,TRUE,5:43,343,238,2339,17.59
UZ763,Advertisement,,30/12/1899,8,29486,497,TRUE,5:43,343,238,2339,17.59
UZ763,Advertisement,,30/12/1899,7,28989,310,TRUE,5:43,343,238,2147,17.59
UZ763,Advertisement,,30/12/1899,6,28679,493,TRUE,5:43,343,238,2327,17.59
UZ763,Advertisement,,30/12/1899,5,28186,408,TRUE,5:43,343,238,2237,17.59
UZ763,Advertisement,,30/12/1899,4,27778,343,TRUE,5:43,343,238,2168,17.59
UZ763,Advertisement,,30/12/1899,3,27435,353,TRUE,5:43,343,238,2175,17.59
UZ763,Advertisement,,30/12/1899,2,27082,27082,TRUE,5:43,343,238,28900,17.59
VA530,Advertisement,,30/12/1899,22,26861,461,TRUE,6:35,395,176,1874,17.21
VA530,Advertisement,,30/12/1899,21,26400,504,TRUE,6:35,395,176,1912,17.21
VA530,Advertisement,,30/12/1899,20,25896,333,TRUE,6:35,395,176,1736,17.21
VA530,Advertisement,,30/12/1899,19,25563,420,TRUE,6:35,395,176,1820,17.21
VA530,Advertisement,,30/12/1899,18,25143,418,TRUE,6:35,395,176,1814,17.21
VA530,Advertisement,,30/12/1899,17,24725,384,TRUE,6:35,395,176,1776,17.21
VA530,Advertisement,,30/12/1899,16,24341,24341,TRUE,6:35,395,176,25729,17.21
VE432,Reaction,,30/12/1899,34,4006267,56167,,11:20,680,589,100059,
VE432,Reaction,,30/12/1899,33,3950100,61787,,11:20,680,589,105117,
VE432,Reaction,,30/12/1899,32,3888313,47747,,11:20,680,589,90459,
VE432,Reaction,,30/12/1899,31,3840566,678476,,11:20,680,589,720711,
VE432,Reaction,,30/12/1899,30,3162090,562654,,11:20,680,589,598104,
VE432,Reaction,,30/12/1899,29,2599436,448261,,11:20,680,589,478084,
VE432,Reaction,,30/12/1899,29,2599436,448261,,11:20,680,589,478084,
VE432,Reaction,,30/12/1899,28,2151175,2151175,,11:20,680,589,2176516,
VG916,Reaction,,30/12/1899,33,3977980,71842,,8:52,532,505,114905,
VG916,Reaction,,30/12/1899,32,3906138,55261,,8:52,532,505,97605,
VG916,Reaction,,30/12/1899,31,3850877,66546,,8:52,532,505,108338,
VG916,Reaction,,30/12/1899,30,3784331,699503,,8:52,532,505,740629,
VG916,Reaction,,30/12/1899,29,3084828,541347,,8:52,532,505,575478,
VG916,Reaction,,30/12/1899,28,2543481,435108,,8:52,532,505,463826,
VG916,Reaction,,30/12/1899,27,2108373,2108373,,8:52,532,505,2132740,
VG916,Reaction,,30/12/1899,27,2108373,2108373,,8:52,532,505,2132740,
WH897,Reaction,,30/12/1899,10,3275139,36361,,10:37,637,572,72831,
WH897,Reaction,,30/12/1899,9,3238778,48587,,10:37,637,572,84693,
WH897,Reaction,,30/12/1899,8,3190191,39607,,10:37,637,572,75227,
WH897,Reaction,,30/12/1899,7,3150584,570543,,10:37,637,572,605767,
WH897,Reaction,,30/12/1899,6,2580041,434933,,10:37,637,572,464452,
WH897,Reaction,,30/12/1899,5,2145108,361904,,10:37,637,572,387074,
WH897,Reaction,,30/12/1899,4,1783204,1783204,,10:37,637,572,1804755,
WW613,Advertisement,,30/12/1899,30,26472,499,TRUE,5:15,315,264,2480,16.84
WW613,Advertisement,,30/12/1899,29,25973,362,TRUE,5:15,315,264,2338,16.84
WW613,Advertisement,,30/12/1899,28,25611,378,TRUE,5:15,315,264,2351,16.84
WW613,Advertisement,,30/12/1899,27,25233,344,TRUE,5:15,315,264,2313,16.84
WW613,Advertisement,,30/12/1899,26,24889,394,TRUE,5:15,315,264,2359,16.84
WW613,Advertisement,,30/12/1899,25,24495,372,TRUE,5:15,315,264,2333,16.84
WW613,Advertisement,,30/12/1899,24,24123,24123,TRUE,5:15,315,264,26081,16.84
XD833,Advertisement,,30/12/1899,27,28716,322,TRUE,7:27,447,262,2313,13.78
XD833,Advertisement,,30/12/1899,26,28394,313,TRUE,7:27,447,262,2300,13.78
XD833,Advertisement,,30/12/1899,25,28081,467,TRUE,7:27,447,262,2451,13.78
XD833,Advertisement,,30/12/1899,24,27614,276,TRUE,7:27,447,262,2256,13.78
XD833,Advertisement,,30/12/1899,23,27338,321,TRUE,7:27,447,262,2298,13.78
XD833,Advertisement,,30/12/1899,22,27017,420,TRUE,7:27,447,262,2394,13.78
XD833,Advertisement,,30/12/1899,21,26597,26597,TRUE,7:27,447,262,28566,13.78
XE206,Challenge,,30/12/1899,19,4302173,45300,TRUE,8:27,507,506,91611,4.55
XE206,Challenge,,30/12/1899,19,4302173,45300,TRUE,8:27,507,506,91611,4.55
XE206,Challenge,,30/12/1899,18,4256873,45031,TRUE,8:27,507,506,90889,4.55
XE206,Challenge,,30/12/1899,17,4211842,54457,TRUE,8:27,507,506,99865,4.55
XE206,Challenge,,30/12/1899,16,4157385,927620,TRUE,8:27,507,506,972483,4.55
XE206,Challenge,,30/12/1899,15,3229765,654658,TRUE,8:27,507,506,690245,4.55
XE206,Challenge,,30/12/1899,14,2575107,558858,TRUE,8:27,507,506,587899,4.55
XE206,Challenge,,30/12/1899,13,2016249,2016249,TRUE,8:27,507,506,2039701,4.55
XE206,Challenge,,30/12/1899,13,2016249,2016249,TRUE,8:27,507,506,2039701,4.55
YE530,Reaction,,30/12/1899,18,3234005,37675,,9:52,592,567,73701,
YE530,Reaction,,30/12/1899,17,3196330,35117,,9:52,592,567,70766,
YE530,Reaction,,30/12/1899,16,3161213,37109,,9:52,592,567,72407,
YE530,Reaction,,30/12/1899,15,3124104,541534,,9:52,592,567,576461,
YE530,Reaction,,30/12/1899,14,2582570,450446,,9:52,592,567,479958,
YE530,Reaction,,30/12/1899,13,2132124,361242,,9:52,592,567,386249,
YE530,Reaction,,30/12/1899,13,2132124,361242,,9:52,592,567,386249,
YE530,Reaction,,30/12/1899,12,1770882,1770882,,9:52,592,567,1792277,
YH411,Reaction,,30/12/1899,25,4066293,63366,,11:38,698,555,107637,
YH411,Reaction,,30/12/1899,24,4002927,76034,,11:38,698,555,119671,
YH411,Reaction,,30/12/1899,23,3926893,54427,,11:38,698,555,97304,
YH411,Reaction,,30/12/1899,23,3926893,54427,,11:38,698,555,97304,
YH411,Reaction,,30/12/1899,22,3872466,712035,,11:38,698,555,754368,
YH411,Reaction,,30/12/1899,21,3160431,571297,,11:38,698,555,606509,
YH411,Reaction,,30/12/1899,20,2589134,433295,,11:38,698,555,462794,
YH411,Reaction,,30/12/1899,20,2589134,433295,,11:38,698,555,462794,
YH411,Reaction,,30/12/1899,19,2155839,2155839,,11:38,698,555,2181005,
YX275,Reaction,,30/12/1899,17,3683633,40167,,9:57,597,418,79721,
YX275,Reaction,,30/12/1899,16,3643466,45885,,9:57,597,418,85037,
YX275,Reaction,,30/12/1899,15,3597581,45356,,9:57,597,418,84049,
YX275,Reaction,,30/12/1899,14,3552225,659241,,9:57,597,418,697481,
YX275,Reaction,,30/12/1899,13,2892984,561136,,9:57,597,418,592783,
YX275,Reaction,,30/12/1899,12,2331848,389072,,9:57,597,418,415108,
YX275,Reaction,,30/12/1899,11,1942776,1942776,,9:57,597,418,1964921,
ZB519,Advertisement,,30/12/1899,14,28555,329,TRUE,10:48,648,647,4821,17.9
ZB519,Advertisement,,30/12/1899,13,28226,371,TRUE,10:48,648,647,4859,17.9
ZB519,Advertisement,,30/12/1899,12,27855,506,TRUE,10:48,648,647,4991,17.9
ZB519,Advertisement,,30/12/1899,11,27349,328,TRUE,10:48,648,647,4807,17.9
ZB519,Advertisement,,30/12/1899,10,27021,473,TRUE,10:48,648,647,4949,17.9
ZB519,Advertisement,,30/12/1899,9,26548,330,TRUE,10:48,648,647,4801,17.9
ZB519,Advertisement,,30/12/1899,8,26218,26218,TRUE,10:48,648,647,30686,17.9